ari,macro_f1,weighted_f1,runtime,n_spots,n_clusters_pred,n_clusters_true,sample_id,dataset,method,seed,l,res,peak_ram_gb,error,assignment,n_gt_clusters
0.4403135462497117,0.5291363555997259,0.6167993513290575,23.30761027336121,4213.0,9.0,7.0,151507,DLPFC,SpaGCN,42.0,62.11884927272796,1.05,6.637897491455078,,,
0.2937181343060818,0.4444373163992409,0.5037252699231624,96.5594654083252,4213.0,16.0,7.0,151507,DLPFC,STAGATE,42.0,,,7.876869201660156,,,
0.3186266054169102,0.4639936235345507,0.5085494237662999,8.634649515151978,4213.0,7.0,7.0,151507,DLPFC,Leiden_PCA,42.0,,0.98453125,8.011810302734375,,,
0.336276994962597,0.4390582841168903,0.5382943643010768,4.897424936294556,4375.0,8.0,7.0,151508,DLPFC,SpaGCN,42.0,62.10835896015167,1.05,9.256969451904297,,,
0.269019264155229,0.4063055644996474,0.4533921168751666,97.72900223731996,4375.0,14.0,7.0,151508,DLPFC,STAGATE,42.0,,,9.256969451904297,,,
0.2877375632520822,0.461409688440186,0.4996323731432918,1.7776122093200684,4375.0,7.0,7.0,151508,DLPFC,Leiden_PCA,42.0,,1.0,9.256969451904297,,,
0.2996540511684899,0.4849959943380624,0.5190646393792746,5.52937650680542,4783.0,10.0,7.0,151509,DLPFC,SpaGCN,42.0,62.62238427639008,1.05,9.256969451904297,,,
0.216113741697245,0.3659426432487863,0.4280711226372476,106.48453664779665,4783.0,16.0,7.0,151509,DLPFC,STAGATE,42.0,,,9.256969451904297,,,
0.2539860117399858,0.4775976011549711,0.4924290022011001,1.4055955410003662,4783.0,7.0,7.0,151509,DLPFC,Leiden_PCA,42.0,,1.0,9.256969451904297,,,
0.294581441692517,0.3989508382066879,0.5145994918121322,5.584437131881714,4587.0,8.0,7.0,151510,DLPFC,SpaGCN,42.0,62.430220823287954,1.05,9.51089859008789,,,
0.2115762853853424,0.4127743983422444,0.4181052161086329,102.31369638442992,4587.0,14.0,7.0,151510,DLPFC,STAGATE,42.0,,,9.51089859008789,,,
0.3081374652688293,0.4649774030646418,0.5101359469411477,6.959084272384644,4587.0,7.0,7.0,151510,DLPFC,Leiden_PCA,42.0,,1.1875,9.51089859008789,,,
0.2132262077701233,0.388028608777017,0.4739124952843375,4.067451477050781,3634.0,7.0,5.0,151669,DLPFC,SpaGCN,42.0,62.2599916601181,0.75,9.51089859008789,,,
0.1442146244227645,0.4481425055978269,0.445302383819792,83.21969294548035,3634.0,13.0,5.0,151669,DLPFC,STAGATE,42.0,,,9.51089859008789,,,
0.2653559893767453,0.3974608693707499,0.5448970635928788,1.5141911506652832,3634.0,5.0,5.0,151669,DLPFC,Leiden_PCA,42.0,,0.505,9.51089859008789,,,
0.2641315071488809,0.4015826569040188,0.5804706154555082,3.830288410186768,3480.0,7.0,5.0,151670,DLPFC,SpaGCN,42.0,62.18322164535522,0.75,9.51089859008789,,,
0.1261214812268855,0.3957789761827892,0.3925277459845808,78.75646471977234,3480.0,11.0,5.0,151670,DLPFC,STAGATE,42.0,,,9.51089859008789,,,
0.2038891416809031,0.3623277697736894,0.4873652209344784,3.444723129272461,3480.0,5.0,5.0,151670,DLPFC,Leiden_PCA,42.0,,0.6287499999999999,9.51089859008789,,,
0.359305530896521,0.4974797953194472,0.6060324559775448,5.596294641494751,4089.0,7.0,5.0,151671,DLPFC,SpaGCN,42.0,62.13553840637206,0.75,10.353500366210938,,,
0.2506435505589817,0.4290880904636513,0.4966976372286367,91.58450365066528,4089.0,14.0,5.0,151671,DLPFC,STAGATE,42.0,,,10.353500366210938,,,
0.3314797556827897,0.5187814351646125,0.5969907113293194,2.2007157802581787,4089.0,5.0,5.0,151671,DLPFC,Leiden_PCA,42.0,,0.505,10.353500366210938,,,
0.3866886570596406,0.5376467945141555,0.6558149465145955,4.388237953186035,3885.0,6.0,5.0,151672,DLPFC,SpaGCN,42.0,62.18036065101623,0.75,10.353500366210938,,,
0.3433077677202697,0.492638539888443,0.590808123073516,89.05306625366211,3885.0,11.0,5.0,151672,DLPFC,STAGATE,42.0,,,10.353500366210938,,,
0.2987947590491424,0.559014842288053,0.6024790028879609,6.291894674301148,3885.0,5.0,5.0,151672,DLPFC,Leiden_PCA,42.0,,0.5823437499999999,10.353500366210938,,,
0.3759140467670806,0.486691891693503,0.5505605348207697,4.056765556335449,3608.0,11.0,7.0,151673,DLPFC,SpaGCN,42.0,62.24282569408416,1.05,10.65457534790039,,,
0.320380323326552,0.4799747898554514,0.5368101912635665,81.339674949646,3608.0,13.0,7.0,151673,DLPFC,STAGATE,42.0,,,10.65457534790039,,,
0.2975178435561834,0.4468443267563292,0.5024766187360103,1.8826782703399656,3608.0,7.0,7.0,151673,DLPFC,Leiden_PCA,42.0,,0.7525,10.65457534790039,,,
0.2696143049870093,0.3956051181688736,0.4721343773163457,4.458393096923828,3635.0,10.0,7.0,151674,DLPFC,SpaGCN,42.0,62.25522333621978,1.05,10.65457534790039,,,
0.2919642493408163,0.4031246854705495,0.4786772093785409,80.078125,3635.0,14.0,7.0,151674,DLPFC,STAGATE,42.0,,,10.65457534790039,,,
0.3005447391102827,0.3816683220222789,0.4517854823826183,2.032963752746582,3635.0,7.0,7.0,151674,DLPFC,Leiden_PCA,42.0,,0.7525,10.65457534790039,,,
0.3818383272231793,0.4660342872285373,0.5602247603071746,4.045591592788696,3563.0,9.0,7.0,151675,DLPFC,SpaGCN,42.0,62.29289309501648,1.05,10.65457534790039,,,
0.3080728785467043,0.4568236743678917,0.5084890198934261,78.36672806739807,3563.0,13.0,7.0,151675,DLPFC,STAGATE,42.0,,,10.65457534790039,,,
0.3283450054068155,0.4450238460493863,0.5105461996972337,1.062983751296997,3563.0,7.0,7.0,151675,DLPFC,Leiden_PCA,42.0,,1.0,10.65457534790039,,,
0.3115442230273149,0.3906875685255954,0.4716814665199643,3.6686644554138175,3428.0,9.0,7.0,151676,DLPFC,SpaGCN,42.0,62.25426967144011,1.05,10.65457534790039,,,
0.3201310962310771,0.4741771028546763,0.5393729379694358,76.8364851474762,3428.0,11.0,7.0,151676,DLPFC,STAGATE,42.0,,,10.65457534790039,,,
0.2787485654291267,0.403766278260364,0.4370839337389615,6.252586603164673,3428.0,7.0,7.0,151676,DLPFC,Leiden_PCA,42.0,,1.046875,10.65457534790039,,,
0.1253742396908883,0.3232614656425305,0.5430557865382561,0.1056480407714843,345.0,6.0,6.0,A1,HER2+,SpaGCN,42.0,105.2764720439911,0.8999999999999999,10.65457534790039,,,
0.0467219502417871,0.1962543148767638,0.3837153631408289,10.482904434204102,345.0,8.0,6.0,A1,HER2+,STAGATE,42.0,,,10.65457534790039,,,
0.0507976782542412,0.2591305408278473,0.4170266740705597,0.0437872409820556,345.0,6.0,6.0,A1,HER2+,Leiden_PCA,42.0,,1.0,10.65457534790039,,,
0.2480479593617517,0.4225597205812737,0.5055540038360945,0.0841090679168701,287.0,4.0,5.0,B1,HER2+,SpaGCN,42.0,142.15850373268125,0.75,10.65457534790039,,,
0.2779344512801624,0.3800480298510389,0.5020121221832607,8.852073907852173,287.0,7.0,5.0,B1,HER2+,STAGATE,42.0,,,10.65457534790039,,,
0.2309212552048965,0.416150149586682,0.4892495684234715,0.0343232154846191,287.0,5.0,5.0,B1,HER2+,Leiden_PCA,42.0,,1.0,10.65457534790039,,,
-0.0455840686680488,0.199631310266591,0.4394703385686623,0.0645244121551513,174.0,3.0,4.0,C1,HER2+,SpaGCN,42.0,141.1581093788147,0.6,10.65457534790039,,,
0.1115905725448149,0.3080433182131237,0.4783148514089311,6.564313173294067,174.0,6.0,4.0,C1,HER2+,STAGATE,42.0,,,10.65457534790039,,,
-0.0428448182696294,0.2062698412698412,0.3643021346469622,0.0497710704803466,174.0,4.0,4.0,C1,HER2+,Leiden_PCA,42.0,,0.7525,10.65457534790039,,,
0.2203444815182035,0.4224364524707774,0.5819060075016463,0.0962257385253906,306.0,4.0,4.0,D1,HER2+,SpaGCN,42.0,140.34749431610106,0.6,10.65457534790039,,,
0.1549147662398598,0.2800191110666236,0.4229818687355172,9.652894258499146,306.0,8.0,4.0,D1,HER2+,STAGATE,42.0,,,10.65457534790039,,,
0.1898062067625404,0.385833717928441,0.541703799092908,0.1522371768951416,306.0,4.0,4.0,D1,HER2+,Leiden_PCA,42.0,,0.6287499999999999,10.65457534790039,,,
0.0701470442745166,0.2802845100105374,0.4528082999588915,0.2055215835571289,587.0,5.0,4.0,E1,HER2+,SpaGCN,42.0,140.69176730155942,0.6,10.65457534790039,,,
0.1024487293512742,0.3026781651601795,0.3763743218503431,14.845582723617554,587.0,9.0,4.0,E1,HER2+,STAGATE,42.0,,,10.65457534790039,,,
0.0582931011114562,0.3035073457388368,0.4573250691776341,0.3954596519470215,587.0,4.0,4.0,E1,HER2+,Leiden_PCA,42.0,,0.6906249999999999,10.65457534790039,,,
0.025774034760006,0.2393698254197709,0.4109059735886122,0.239884614944458,691.0,4.0,4.0,F1,HER2+,SpaGCN,42.0,140.6231034374237,0.6,10.65457534790039,,,
0.0072959093191661,0.2002491509101925,0.2191806103104656,18.004011869430542,691.0,11.0,4.0,F1,HER2+,STAGATE,42.0,,,10.65457534790039,,,
0.0993919436060559,0.3201293488005081,0.6024963661226892,0.4051330089569092,691.0,4.0,4.0,F1,HER2+,Leiden_PCA,42.0,,0.7525,10.65457534790039,,,
0.1767749347139967,0.3271469443000111,0.3876220730122133,0.1268739700317382,467.0,9.0,7.0,G2,HER2+,SpaGCN,42.0,140.86914895057674,1.05,10.65457534790039,,,
0.0949832029175807,0.2337494754650373,0.3024025051680516,12.591204404830933,467.0,9.0,7.0,G2,HER2+,STAGATE,42.0,,,10.65457534790039,,,
0.1691610856559653,0.3644589079797761,0.4026155708290068,0.0596659183502197,467.0,7.0,7.0,G2,HER2+,Leiden_PCA,42.0,,1.0,10.65457534790039,,,
0.3539414860462335,0.5835187304484898,0.597164582171019,0.2077639102935791,612.0,7.0,7.0,H1,HER2+,SpaGCN,42.0,140.70988693237305,1.05,10.65457534790039,,,
0.2972687620004127,0.4400377031568248,0.5344274929608641,16.022350549697876,612.0,10.0,7.0,H1,HER2+,STAGATE,42.0,,,10.65457534790039,,,
0.2327356399781341,0.5122782806451345,0.5116656050572039,0.7166669368743896,612.0,7.0,7.0,H1,HER2+,Leiden_PCA,42.0,,1.0234375,10.65457534790039,,,
0.4329108456571342,0.6050159023268963,0.6335207707272137,4.531967639923096,5250.0,24.0,14.0,E9.5_E2S1,MOSTA,SpaGCN,42.0,0.480141835361719,2.1,10.65457534790039,,,
0.3616797374530637,0.4430629270224735,0.5279959586396472,106.95076656341551,5250.0,15.0,14.0,E9.5_E2S1,MOSTA,STAGATE,42.0,,,10.65457534790039,,,
0.3816956477114835,0.5002547627494306,0.5360475334681548,3.7629237174987793,5250.0,14.0,14.0,E9.5_E2S1,MOSTA,Leiden_PCA,42.0,,1.375,10.65457534790039,,,
0.4037576248691196,0.5498961810673914,0.6001085891705525,3.514964818954468,4333.0,22.0,13.0,E9.5_E2S2,MOSTA,SpaGCN,42.0,0.4807900293916464,1.95,10.65457534790039,,,
0.3525694108868344,0.4319129050652873,0.5109683277539452,89.49223709106445,4333.0,18.0,13.0,E9.5_E2S2,MOSTA,STAGATE,42.0,,,10.65457534790039,,,
0.473660883242377,0.6087909411807458,0.6449350356311269,3.514676570892334,4333.0,13.0,13.0,E9.5_E2S2,MOSTA,Leiden_PCA,42.0,,1.5625,10.65457534790039,,,
0.5096530509640375,0.5475287560212175,0.646525592747236,4.488426685333252,5059.0,21.0,13.0,E9.5_E2S3,MOSTA,SpaGCN,42.0,0.480488283894956,1.95,10.65457534790039,,,
0.3681065062414727,0.5019733376986254,0.5785240290384349,102.17841291427612,5059.0,20.0,13.0,E9.5_E2S3,MOSTA,STAGATE,42.0,,,10.65457534790039,,,
0.4460547273805428,0.5955866390638271,0.6279065704689011,4.04149055480957,5059.0,13.0,13.0,E9.5_E2S3,MOSTA,Leiden_PCA,42.0,,1.375,10.65457534790039,,,
0.3443135283441621,0.455574303208388,0.5370881947389033,5.079531669616699,5736.0,20.0,13.0,E9.5_E2S4,MOSTA,SpaGCN,42.0,0.4798773423954844,1.95,10.65457534790039,,,
0.4016635539554357,0.4514488177446028,0.5669539585029417,114.0075933933258,5736.0,17.0,13.0,E9.5_E2S4,MOSTA,STAGATE,42.0,,,10.65457534790039,,,
0.3984285038572879,0.4532988238122926,0.5721705487739527,13.9910728931427,5736.0,13.0,13.0,E9.5_E2S4,MOSTA,Leiden_PCA,42.0,,1.421875,10.65457534790039,,,
0.2334564088919931,0.3263344438480604,0.4174563848039858,88.14414167404175,4221.0,7.0,7.0,151507,DLPFC,Novae,,,,,,,
0.0803246252603379,0.1830451432247126,0.2894282850188421,73.52227139472961,4380.0,5.0,7.0,151508,DLPFC,Novae,,,,,,,
0.1883908201689298,0.2351038932098262,0.438808383862626,156.59046077728271,4788.0,7.0,7.0,151509,DLPFC,Novae,,,,,,,
0.3598201842105404,0.3643855996337855,0.5511216516413091,138.47430562973022,4595.0,7.0,7.0,151510,DLPFC,Novae,,,,,,,
0.0131345559593332,0.2246144277428599,0.3704481030082004,71.5562834739685,3635.0,5.0,5.0,151669,DLPFC,Novae,,,,,,,
-0.0185121294683919,0.2171510385952186,0.4279740529828608,60.44812607765198,3483.0,5.0,5.0,151670,DLPFC,Novae,,,,,,,
0.1849410031269795,0.3361578237589371,0.4751402368690535,58.46211242675781,4093.0,5.0,5.0,151671,DLPFC,Novae,,,,,,,
0.0857308399836573,0.3052030330328465,0.3619823898241924,120.40843629837036,3888.0,5.0,5.0,151672,DLPFC,Novae,,,,,,,
0.2364971668070182,0.3337148461313773,0.391343867555831,106.73675966262816,3610.0,6.0,7.0,151673,DLPFC,Novae,,,,,,,
0.2495483951898968,0.3382481894517296,0.3964153484912964,135.98868083953855,3635.0,7.0,7.0,151674,DLPFC,Novae,,,,,,,
0.2423273869119068,0.3066510539270432,0.3622715826713839,128.4035177230835,3564.0,5.0,7.0,151675,DLPFC,Novae,,,,,,,
0.1473196663899169,0.2494958715894693,0.3154228664962073,124.05213117599487,3431.0,7.0,7.0,151676,DLPFC,Novae,,,,,,,
0.0147084134126129,0.1855937427247102,0.4683765098359986,9.099428176879885,346.0,6.0,6.0,A1,HER2+,Novae,,,,,,,
0.0867730350949747,0.3609527716099023,0.3895702468762324,9.554789781570436,295.0,5.0,5.0,B1,HER2+,Novae,,,,,,,
0.0300438867509146,0.2712066905615292,0.5461876832844575,0.2598814964294433,176.0,4.0,4.0,C1,HER2+,Novae,,,,,,,
-0.0026774089461259,0.2407195098889751,0.3357955449554226,8.098143815994263,306.0,4.0,4.0,D1,HER2+,Novae,,,,,,,
0.0031584299702554,0.2282592089074858,0.3666923189272552,12.48021388053894,587.0,4.0,4.0,E1,HER2+,Novae,,,,,,,
-0.0439378141595658,0.2013125751188213,0.5598657382351896,12.663991928100586,691.0,4.0,4.0,F1,HER2+,Novae,,,,,,,
0.0165894009015749,0.2072422219449715,0.2765939267476191,6.322439432144165,467.0,7.0,7.0,G2,HER2+,Novae,,,,,,,
-0.0051622118987613,0.1546101613402836,0.2071019033775352,12.429933547973633,613.0,7.0,7.0,H1,HER2+,Novae,,,,,,,
0.1157483355981009,0.1406637232508683,0.2158684625409881,95.86266684532166,5292.0,12.0,14.0,E9.5_E2S1,MOSTA,Novae,,,,,,,
0.079415210456379,0.171872837574829,0.2266561195486593,175.6250114440918,4356.0,12.0,13.0,E9.5_E2S2,MOSTA,Novae,,,,,,,
0.1493099830195561,0.2019372987424774,0.2753048430276415,199.16647124290463,5059.0,12.0,13.0,E9.5_E2S3,MOSTA,Novae,,,,,,,
0.2091969989325997,0.3740734543301109,0.4375758263668434,25.148483276367188,4221.0,7.0,7.0,151507,DLPFC,Novae_zero_shot,,,,,,resolution_1.0,7.0
0.2227154029071302,0.3433868947980835,0.428332842261804,17.774702072143555,4221.0,7.0,7.0,151507,DLPFC,Novae_zero_shot,,,,,,level_7,7.0
0.1593664486883473,0.3279204402278737,0.3916525895754212,16.14172124862671,4381.0,10.0,7.0,151508,DLPFC,Novae_zero_shot,,,,,,resolution_1.0,7.0
0.1734043852968743,0.3186646059678173,0.4016366426548926,16.132835149765015,4381.0,7.0,7.0,151508,DLPFC,Novae_zero_shot,,,,,,level_7,7.0
0.1444487252944341,0.3269684396709785,0.3867523790592789,16.357219219207764,4788.0,11.0,7.0,151509,DLPFC,Novae_zero_shot,,,,,,resolution_1.0,7.0
0.162411811400264,0.3232267552056403,0.4233095982168486,16.3443443775177,4788.0,7.0,7.0,151509,DLPFC,Novae_zero_shot,,,,,,level_7,7.0
0.1628398434503618,0.3208352214514816,0.4181700420829175,15.590651512145996,4595.0,10.0,7.0,151510,DLPFC,Novae_zero_shot,,,,,,resolution_1.0,7.0
0.2002800408386505,0.305937155840937,0.4491428243243917,15.57759952545166,4595.0,7.0,7.0,151510,DLPFC,Novae_zero_shot,,,,,,level_7,7.0
0.1653896440850169,0.3084556017383963,0.4712816832700665,14.62661910057068,3636.0,8.0,5.0,151669,DLPFC,Novae_zero_shot,,,,,,resolution_1.0,5.0
0.1416117301096923,0.3091785234680688,0.472246901008753,14.618262767791748,3636.0,5.0,5.0,151669,DLPFC,Novae_zero_shot,,,,,,level_5,5.0
0.1097381821135037,0.2793415116427625,0.3995940559180161,14.256484031677246,3484.0,9.0,5.0,151670,DLPFC,Novae_zero_shot,,,,,,resolution_1.0,5.0
0.1181756099503923,0.2857533253460405,0.533002611762095,14.247847080230711,3484.0,5.0,5.0,151670,DLPFC,Novae_zero_shot,,,,,,level_5,5.0
0.1985657667572711,0.3980436144700885,0.5157168044079701,15.720573902130129,4093.0,10.0,5.0,151671,DLPFC,Novae_zero_shot,,,,,,resolution_1.0,5.0
0.2780375281849724,0.4189333611830207,0.5397805653467554,15.710352897644045,4093.0,5.0,5.0,151671,DLPFC,Novae_zero_shot,,,,,,level_5,5.0
0.1815126023476577,0.3420516932885296,0.4601690170238291,15.905070066452026,3888.0,10.0,5.0,151672,DLPFC,Novae_zero_shot,,,,,,resolution_1.0,5.0
0.2705568924835563,0.3669620602442084,0.488750873357791,15.889772653579712,3888.0,5.0,5.0,151672,DLPFC,Novae_zero_shot,,,,,,level_5,5.0
0.2086919478131733,0.3479469920490311,0.4249586691629548,13.991249322891235,3608.0,11.0,7.0,151673,DLPFC,Novae_zero_shot,,,,,,resolution_1.0,7.0
0.1380138561100102,0.2856143530673498,0.3496261213163389,13.977653741836548,3608.0,7.0,7.0,151673,DLPFC,Novae_zero_shot,,,,,,level_7,7.0
0.2023725441481906,0.3253686855377908,0.4227858067448381,14.477468729019163,3635.0,9.0,7.0,151674,DLPFC,Novae_zero_shot,,,,,,resolution_1.0,7.0
0.1572316191406137,0.28981076175815,0.3702412504713571,14.468665599822998,3635.0,7.0,7.0,151674,DLPFC,Novae_zero_shot,,,,,,level_7,7.0
0.1905773232808776,0.3102011484003969,0.4022946742481311,14.3649640083313,3566.0,9.0,7.0,151675,DLPFC,Novae_zero_shot,,,,,,resolution_1.0,7.0
0.1614765896982727,0.2975342203275281,0.3288617294426366,14.35434603691101,3566.0,7.0,7.0,151675,DLPFC,Novae_zero_shot,,,,,,level_7,7.0
0.1837158034227475,0.3238269798167497,0.4032243723986449,13.722812175750732,3431.0,10.0,7.0,151676,DLPFC,Novae_zero_shot,,,,,,resolution_1.0,7.0
0.1548470836560979,0.3491225785934794,0.3877714173426589,13.702437162399292,3431.0,7.0,7.0,151676,DLPFC,Novae_zero_shot,,,,,,level_7,7.0
,,,,,,,A1,HER2+,Novae_zero_shot,,,,,Too few spots: 346 < 512,level_N,6.0
,,,,,,,B1,HER2+,Novae_zero_shot,,,,,Too few spots: 295 < 512,level_N,5.0
,,,,,,,C1,HER2+,Novae_zero_shot,,,,,Too few spots: 176 < 512,level_N,4.0
,,,,,,,D1,HER2+,Novae_zero_shot,,,,,Too few spots: 306 < 512,level_N,4.0
0.0692971383350764,0.2395715764728266,0.37314867705829,6.166095733642578,584.0,9.0,4.0,E1,HER2+,Novae_zero_shot,,,,,,resolution_1.0,4.0
0.0925367655762269,0.326755979553684,0.5681592802354973,6.151614427566528,584.0,4.0,4.0,E1,HER2+,Novae_zero_shot,,,,,,level_4,4.0
0.0182944042587341,0.2220974656627658,0.4031577902042592,5.713067293167114,683.0,9.0,4.0,F1,HER2+,Novae_zero_shot,,,,,,resolution_1.0,4.0
0.0521739986914795,0.3246191922026892,0.6581067771424657,5.705074787139893,683.0,4.0,4.0,F1,HER2+,Novae_zero_shot,,,,,,level_4,4.0
,,,,,,,G2,HER2+,Novae_zero_shot,,,,,Too few spots: 467 < 512,level_N,7.0
0.1539388565239763,0.2837374154285262,0.3987915781175074,5.664017677307129,612.0,8.0,7.0,H1,HER2+,Novae_zero_shot,,,,,,resolution_1.0,7.0
0.1447037479511033,0.2475741528987513,0.349408753943283,5.656113862991333,612.0,7.0,7.0,H1,HER2+,Novae_zero_shot,,,,,,level_7,7.0
0.4815383800116281,0.6501400759573281,0.6824261500537417,197.0299150943756,4221.0,7.0,7.0,151507,DLPFC,HyperGCN,,,,,,,
0.4050927681100699,0.4805692352696403,0.5425877905857961,190.62636518478396,4381.0,7.0,7.0,151508,DLPFC,HyperGCN,,,,,,,
0.3426033745176812,0.3947885582082738,0.5255393128124719,232.8092103004456,4788.0,7.0,7.0,151509,DLPFC,HyperGCN,,,,,,,
0.3132128784991822,0.4059384332190025,0.4873088122604011,214.5773377418518,4595.0,7.0,7.0,151510,DLPFC,HyperGCN,,,,,,,
0.2671710098397763,0.5024727365498521,0.5231833892701694,140.8734748363495,3636.0,5.0,5.0,151669,DLPFC,HyperGCN,,,,,,,
0.1610208291791367,0.2961711134549332,0.4172815547990258,129.4299120903015,3484.0,5.0,5.0,151670,DLPFC,HyperGCN,,,,,,,
0.3989305494441588,0.4882319819344799,0.529201180928692,172.92323446273804,4093.0,5.0,5.0,151671,DLPFC,HyperGCN,,,,,,,
0.4389183578752462,0.5176468079879213,0.5976627765811505,164.67466950416565,3888.0,5.0,5.0,151672,DLPFC,HyperGCN,,,,,,,
0.4374002807499801,0.5698327775384372,0.5957872972470047,141.46622109413147,3611.0,7.0,7.0,151673,DLPFC,HyperGCN,,,,,,,
0.3159292747489833,0.4543327624219445,0.5235290695173914,144.61389660835266,3635.0,7.0,7.0,151674,DLPFC,HyperGCN,,,,,,,
0.3522441168568245,0.5270635240271253,0.5644212324434589,132.17538619041443,3566.0,7.0,7.0,151675,DLPFC,HyperGCN,,,,,,,
0.3502446893670045,0.4625087401391931,0.525646734944966,126.0077667236328,3431.0,7.0,7.0,151676,DLPFC,HyperGCN,,,,,,,
0.0544326022327116,0.2018543956043956,0.3437703192760996,2.6344635486602783,346.0,6.0,6.0,A1,HER2+,HyperGCN,,,,,,,
0.400418545630738,0.5090897086795219,0.5948899718048735,2.306934118270874,295.0,5.0,5.0,B1,HER2+,HyperGCN,,,,,,,
0.0748603297270709,0.3022823572385242,0.4767727023676432,1.2482879161834717,176.0,4.0,4.0,C1,HER2+,HyperGCN,,,,,,,
0.1101705004124031,0.3083451830785638,0.385138212175497,2.22981858253479,306.0,4.0,4.0,D1,HER2+,HyperGCN,,,,,,,
0.1075836554341305,0.3577169511341417,0.5223558663838697,5.129289865493774,587.0,4.0,4.0,E1,HER2+,HyperGCN,,,,,,,
0.0737178989024235,0.2741105071707909,0.4272226657782789,6.653012990951538,691.0,4.0,4.0,F1,HER2+,HyperGCN,,,,,,,
0.1243264918065385,0.2593515898551027,0.3526504356356569,3.7705092430114746,467.0,7.0,7.0,G2,HER2+,HyperGCN,,,,,,,
0.167802276193332,0.3503231349597984,0.4033167635358231,5.277711391448975,613.0,7.0,7.0,H1,HER2+,HyperGCN,,,,,,,
0.2611449362487643,0.4209147650654369,0.4273168443795323,267.8389196395874,5292.0,14.0,14.0,E9.5_E2S1,MOSTA,HyperGCN,,,,,,,
0.31587561739004,0.4368980709860603,0.4492234925915503,187.29431176185608,4356.0,13.0,13.0,E9.5_E2S2,MOSTA,HyperGCN,,,,,,,
0.3417033802095018,0.4280732778898798,0.4982580575688818,253.03897500038147,5059.0,13.0,13.0,E9.5_E2S3,MOSTA,HyperGCN,,,,,,,
0.2042446560054436,0.2837726684102317,0.3522280309941661,322.9353427886963,5797.0,13.0,13.0,E9.5_E2S4,MOSTA,HyperGCN,,,,,,,
0.378942020350171,0.4970943870366374,0.5469557304240692,1182.6158492565155,4221.0,7.0,7.0,151507,DLPFC,STMSGAL,,,,,,,
0.3121464896001899,0.4465991155663694,0.5179461519833887,1323.3266048431396,4381.0,7.0,7.0,151508,DLPFC,STMSGAL,,,,,,,
0.3810938776610602,0.5082896664436013,0.5475433583351087,1542.2873446941376,4788.0,7.0,7.0,151509,DLPFC,STMSGAL,,,,,,,
0.3768188446925292,0.4779797271962507,0.5460987077765992,1425.916081905365,4595.0,7.0,7.0,151510,DLPFC,STMSGAL,,,,,,,
0.2761583454739714,0.3835112773745238,0.5474895287227214,699.6235027313232,3636.0,5.0,5.0,151669,DLPFC,STMSGAL,,,,,,,
0.1681270258177261,0.3045754787911473,0.4340497630019369,697.8979275226593,3484.0,5.0,5.0,151670,DLPFC,STMSGAL,,,,,,,
0.2908604321305643,0.4169664133733735,0.5788755938868134,904.7799475193024,4093.0,6.0,5.0,151671,DLPFC,STMSGAL,,,,,,,
0.310118179049942,0.5196001033093014,0.5328180633149389,793.4429838657379,3888.0,5.0,5.0,151672,DLPFC,STMSGAL,,,,,,,
0.2775282247912424,0.4870610296546906,0.5180686451604788,720.650785446167,3611.0,7.0,7.0,151673,DLPFC,STMSGAL,,,,,,,
0.4241403082256718,0.5208878226982598,0.5933102702729018,730.7835903167725,3635.0,6.0,7.0,151674,DLPFC,STMSGAL,,,,,,,
0.338673842830505,0.4770465186692783,0.5095979697309523,670.5897629261017,3566.0,7.0,7.0,151675,DLPFC,STMSGAL,,,,,,,
0.3344347252463128,0.4929702440338413,0.5498447571214139,630.9580709934235,3431.0,7.0,7.0,151676,DLPFC,STMSGAL,,,,,,,
0.0269217996116394,0.1866849773826518,0.39240210432575,8.720213890075684,346.0,6.0,6.0,A1,HER2+,STMSGAL,,,,,,,
0.0432582980834902,0.2893829519916476,0.3353989758706044,6.565023422241211,295.0,5.0,5.0,B1,HER2+,STMSGAL,,,,,,,
0.0530412853531445,0.2714646112212115,0.4898704175428687,4.07387900352478,176.0,4.0,4.0,C1,HER2+,STMSGAL,,,,,,,
0.0804508858617694,0.3578942522543816,0.4979126649711684,6.205573320388794,306.0,4.0,4.0,D1,HER2+,STMSGAL,,,,,,,
-0.0046018262052017,0.2805799224277485,0.3668430248128048,14.021468877792358,587.0,4.0,4.0,E1,HER2+,STMSGAL,,,,,,,
0.0227624671921549,0.2496249038935357,0.5002277549190102,17.518834829330444,691.0,4.0,4.0,F1,HER2+,STMSGAL,,,,,,,
0.1211694678851752,0.2597831317419813,0.3610407495484582,13.390581369400024,467.0,7.0,7.0,G2,HER2+,STMSGAL,,,,,,,
0.2069640690709215,0.4187602726390482,0.47036612949615,18.57117247581482,613.0,7.0,7.0,H1,HER2+,STMSGAL,,,,,,,
0.2553691909900017,0.3469176548012343,0.4069461195184988,2352.558891773224,5292.0,14.0,14.0,E9.5_E2S1,MOSTA,STMSGAL,,,,,,,
0.2179664329223934,0.281567936165416,0.3693056680728147,1468.691925048828,4356.0,14.0,13.0,E9.5_E2S2,MOSTA,STMSGAL,,,,,,,
0.2032765516784406,0.3117956425566432,0.3497384983720872,2006.459809303284,5059.0,13.0,13.0,E9.5_E2S3,MOSTA,STMSGAL,,,,,,,
0.2320336203795059,0.3092486144043489,0.4277573319167292,2786.432264328003,5797.0,13.0,13.0,E9.5_E2S4,MOSTA,STMSGAL,,,,,,,
0.4340391635360993,0.4942895837486662,0.5660075983669886,1325.4559242725372,4213.0,6.0,7.0,151507,DLPFC,GraphST,50.0,,,6.091075897216797,,,
0.4075489046440569,0.5126885687629441,0.5815366203283678,1356.9290058612823,4375.0,6.0,7.0,151508,DLPFC,GraphST,50.0,,,6.190433502197266,,,
0.4061906641085558,0.4824696699993161,0.6001578905661656,1638.6210567951202,4783.0,6.0,7.0,151509,DLPFC,GraphST,50.0,,,6.5643310546875,,,
0.4590481825795448,0.5395843327809084,0.6329740421291342,1608.5941851139069,4587.0,6.0,7.0,151510,DLPFC,GraphST,50.0,,,6.5643310546875,,,
0.2529667441504618,0.3807935437586812,0.523461248048971,1119.714998960495,3634.0,6.0,5.0,151669,DLPFC,GraphST,50.0,,,6.5643310546875,,,
0.2508113039412464,0.3712539629885081,0.5409909548549708,1023.4754648208618,3480.0,6.0,5.0,151670,DLPFC,GraphST,50.0,,,6.5643310546875,,,
0.3693757548337864,0.5011195629476767,0.6403250478208867,1264.14510679245,4089.0,6.0,5.0,151671,DLPFC,GraphST,50.0,,,6.5643310546875,,,
0.3268517243347492,0.440139055642158,0.5454864420301092,1207.096190214157,3885.0,6.0,5.0,151672,DLPFC,GraphST,50.0,,,6.5643310546875,,,
0.4912479165977948,0.5819430682212678,0.6452302239598698,1029.1775555610657,3608.0,6.0,7.0,151673,DLPFC,GraphST,50.0,,,6.5643310546875,,,
0.3631138090231009,0.4658850965188956,0.5171611566511978,1108.8511891365051,3635.0,6.0,7.0,151674,DLPFC,GraphST,50.0,,,6.5643310546875,,,
0.3944270460662298,0.4904626722988082,0.5440601482828351,1040.513543367386,3563.0,6.0,7.0,151675,DLPFC,GraphST,50.0,,,6.5643310546875,,,
0.3491349492845507,0.4588732863677191,0.5033961361659246,1062.6239323616028,3428.0,6.0,7.0,151676,DLPFC,GraphST,50.0,,,6.5643310546875,,,
0.0670737348536719,0.2819478037205112,0.3678230791653108,23.19625163078308,345.0,6.0,6.0,A1,HER2+,GraphST,50.0,,,6.5643310546875,,,
0.2515524668687467,0.3677047367750796,0.4980023694091407,14.141287326812744,287.0,6.0,5.0,B1,HER2+,GraphST,50.0,,,6.5643310546875,,,
0.0064651974460804,0.2157388944537538,0.3642715975495368,8.820475101470947,174.0,6.0,4.0,C1,HER2+,GraphST,50.0,,,6.5643310546875,,,
0.2025390074501666,0.3381299693719209,0.5550194584939313,16.86355447769165,306.0,6.0,4.0,D1,HER2+,GraphST,50.0,,,6.5643310546875,,,
0.1365651186762514,0.3392084904342969,0.5059986149660272,51.99226832389832,587.0,6.0,4.0,E1,HER2+,GraphST,50.0,,,6.5643310546875,,,
0.0346312294034534,0.2214629660365609,0.4019680675532314,72.66513466835022,691.0,6.0,4.0,F1,HER2+,GraphST,50.0,,,6.5643310546875,,,
0.1773507569591312,0.3237606047310844,0.3913718943097174,33.581021785736084,467.0,6.0,7.0,G2,HER2+,GraphST,50.0,,,6.5643310546875,,,
0.2793537982962015,0.466956405866249,0.5160156229029148,57.10518980026245,612.0,6.0,7.0,H1,HER2+,GraphST,50.0,,,6.5643310546875,,,
,,,,,,,A1,HER2+,SCOIGET,,,,,The size of tensor a (69) must match the size of tensor b (68) at non-singleton dimension 0,,
0.189518902875842,0.4476062358415299,0.5007884454743876,127.57557344436646,295.0,5.0,5.0,B1,HER2+,SCOIGET,,,,,,,
0.0975995682411961,0.3137370504273221,0.5087622321761514,46.81476426124573,176.0,4.0,4.0,C1,HER2+,SCOIGET,,,,,,,
0.1711883506874156,0.3390259375660835,0.434593029698225,117.19438195228577,306.0,4.0,4.0,D1,HER2+,SCOIGET,,,,,,,
,,,,,,,E1,HER2+,SCOIGET,,,,,The size of tensor a (117) must match the size of tensor b (116) at non-singleton dimension 0,,
0.0056374821057457,0.1993262887005488,0.4031052456944526,430.47746300697327,691.0,4.0,4.0,F1,HER2+,SCOIGET,,,,,,,
0.1147956717929791,0.2517379501314788,0.3433644892813924,227.26811003685,467.0,7.0,7.0,G2,HER2+,SCOIGET,,,,,,,
0.1734295222094181,0.3185847352338586,0.3882352556627111,348.7538425922394,613.0,7.0,7.0,H1,HER2+,SCOIGET,,,,,,,
0.507605864241068,0.579502452303141,0.578641206528954,19.8073117733002,4226.0,6.0,7.0,151507,DLPFC,spatialMNN,,,,,,,
